Workbook

Sheet inputs_df
A1: node_id | B1: x_coordinate | C1: y_coordinate | D1: value_at_start | E1: fire_degradation_rate | F1: fire_amelioration_rate | G1: beta | H1: su | I1: state | J1: neighborhood_list | K1: time | L1: Mi
A2: 1 | B2: 250 | C2: 250 | D2: 0 | E2: 0 | F2: 0 | G2: 0 | H2: 0 | I2: 2 | J2: [] | K2: 0 | L2: 0
A3: 2 | B3: 750 | C3: 250 | D3: 97.483484 | E3: 23.640682 | F3: 16.548478 | G3: 4.6091521 | H3: 858.67686 | I3: 0 | J3: [7, 3] | K3: =((parameters!$B$3/2)/inputs_df!E3)+((parameters!$B$3/2)/inputs_df!F3) -> 25.682121 | L3: =H3*K3 -> 22052.643
A4: 3 | B4: 1250 | C4: 250 | D4: 95.95084 | E4: 25.98898 | F4: 18.192286 | G4: 4.9873289 | H4: 943.97173 | I4: 0 | J4: [8, 2, 4] | K4: =((parameters!$B$3/2)/inputs_df!E4)+((parameters!$B$3/2)/inputs_df!F4) -> 23.36155 | L4: =H4*K4 -> 22052.643
A5: 4 | B5: 1750 | C5: 250 | D5: 96.46056 | E5: 37.274163 | F5: 26.091914 | G5: 7.1909733 | H5: 1353.8721 | I5: 0 | J5: [9, 3, 5] | K5: =((parameters!$B$3/2)/inputs_df!E5)+((parameters!$B$3/2)/inputs_df!F5) -> 16.288571 | L5: =H5*K5 -> 22052.643
A6: 5 | B6: 2250 | C6: 250 | D6: 97.046443 | E6: 48.194453 | F6: 33.736117 | G6: 9.3542005 | H6: 1750.5189 | I6: 0 | J6: [10, 4] | K6: =((parameters!$B$3/2)/inputs_df!E6)+((parameters!$B$3/2)/inputs_df!F6) -> 12.597775 | L6: =H6*K6 -> 22052.643
A7: 6 | B7: 250 | C7: 750 | D7: 89.406083 | E7: 24.282532 | F7: 16.997772 | G7: 4.3420121 | H7: 881.99013 | I7: 0 | J7: [11, 7] | K7: =((parameters!$B$3/2)/inputs_df!E7)+((parameters!$B$3/2)/inputs_df!F7) -> 25.003277 | L7: =H7*K7 -> 22052.643
A8: 7 | B8: 750 | C8: 750 | D8: 85.632849 | E8: 22.841312 | F8: 15.988918 | G8: 3.9119333 | H8: 829.64214 | I8: 0 | J8: [2, 12, 6, 8] | K8: =((parameters!$B$3/2)/inputs_df!E8)+((parameters!$B$3/2)/inputs_df!F8) -> 26.58091 | L8: =H8*K8 -> 22052.643
A9: 8 | B9: 1250 | C9: 750 | D9: 81.389376 | E9: 26.885506 | F9: 18.819854 | G9: 4.3763891 | H9: 976.53534 | I9: 0 | J9: [3, 13, 7, 9] | K9: =((parameters!$B$3/2)/inputs_df!E9)+((parameters!$B$3/2)/inputs_df!F9) -> 22.582534 | L9: =H9*K9 -> 22052.643
A10: 9 | B10: 1750 | C10: 750 | D10: 79.689017 | E10: 38.307039 | F10: 26.814927 | G10: 6.1053006 | H10: 1391.3883 | I10: 0 | J10: [4, 14, 8, 10] | K10: =((parameters!$B$3/2)/inputs_df!E10)+((parameters!$B$3/2)/inputs_df!F10) -> 15.849381 | L10: =H10*K10 -> 22052.643
A11: 10 | B11: 2250 | C11: 750 | D11: 79.760671 | E11: 48.604303 | F11: 34.023012 | G11: 7.7534237 | H11: 1765.4055 | I11: 0 | J11: [5, 15, 9] | K11: =((parameters!$B$3/2)/inputs_df!E11)+((parameters!$B$3/2)/inputs_df!F11) -> 12.491545 | L11: =H11*K11 -> 22052.643
A12: 11 | B12: 250 | C12: 1250 | D12: 74.010668 | E12: 21.960268 | F12: 15.372188 | G12: 3.2505883 | H12: 797.64087 | I12: 1 | J12: [6, 12] | K12: =((parameters!$B$3/2)/inputs_df!E12)+((parameters!$B$3/2)/inputs_df!F12) -> 27.647333 | L12: =H12*K12 -> 22052.643
A13: 12 | B13: 750 | C13: 1250 | D13: 68.91216 | E13: 23.799918 | F13: 16.659942 | G13: 3.2802075 | H13: 864.46061 | I13: 1 | J13: [7, 17, 11, 13] | K13: =((parameters!$B$3/2)/inputs_df!E13)+((parameters!$B$3/2)/inputs_df!F13) -> 25.510293 | L13: =H13*K13 -> 22052.643
A14: 13 | B14: 1250 | C14: 1250 | D14: 60.942624 | E14: 30.840936 | F14: 21.588656 | G14: 3.7590552 | H14: 1120.2045 | I14: 0 | J14: [8, 12, 14] | K14: =((parameters!$B$3/2)/inputs_df!E14)+((parameters!$B$3/2)/inputs_df!F14) -> 19.686265 | L14: =H14*K14 -> 22052.643
... A18: 17 | B18: 750 | C18: 1750 | D18: 54.237711 | E18: 26.199661 | F18: 18.339762 | G18: 2.8420193 | H18: 951.62407 | I18: 0 | J18: [12, 16] | K18: =((parameters!$B$3/2)/inputs_df!E18)+((parameters!$B$3/2)/inputs_df!F18) -> 23.173692 | L18: =H18*K18 -> 22052.643
A19: 18 | B19: 1250 | C19: 1750 | D19: 0 | E19: 0 | F19: 0 | G19: 0 | H19: 0 | I19: 3 | J19: [] | K19: 0 | L19: =H19*K19 -> 0
A20: 19 | B20: 1750 | C20: 1750 | D20: 34.757645 | E20: 48.878547 | F20: 34.214983 | G20: 3.3978064 | H20: 1775.3666 | I20: 0 | J20: [14] | K20: =((parameters!$B$3/2)/inputs_df!E20)+((parameters!$B$3/2)/inputs_df!F20) -> 12.421459 | L20: =H20*K20 -> 22052.643
A21: 20 | B21: 2250 | C21: 1750 | D21: 32.748072 | E21: 57.276782 | F21: 40.093748 | G21: 3.7514084 | H21: 2080.4073 | I21: 0 | J21: [15] | K21: =((parameters!$B$3/2)/inputs_df!E21)+((parameters!$B$3/2)/inputs_df!F21) -> 10.600156 | L21: =H21*K21 -> 22052.643
A22: 21 | B22: 250 | C22: 2250 | D22: 51.484666 | E22: 20.69 | F22: 14.483 | G22: 2.1304355 | H22: 751.50218 | I22: 1 | J22: [16, 22] | K22: =((parameters!$B$3/2)/inputs_df!E22)+((parameters!$B$3/2)/inputs_df!F22) -> 29.344749 | L22: =H22*K22 -> 22052.643
A23: 22 | B23: 750 | C23: 2250 | D23: 46.066334 | E23: 28.204391 | F23: 19.743073 | G23: 2.5985458 | H23: 1024.4399 | I23: 0 | J23: [21] | K23: =((parameters!$B$3/2)/inputs_df!E23)+((parameters!$B$3/2)/inputs_df!F23) -> 21.526537 | L23: =H23*K23 -> 22052.643
A24: 23 | B24: 1250 | C24: 2250 | D24: 33.561394 | E24: 40.495931 | F24: 28.347152 | G24: 2.7181998 | H24: 1470.8932 | I24: 0 | J24: [24] | K24: =((parameters!$B$3/2)/inputs_df!E24)+((parameters!$B$3/2)/inputs_df!F24) -> 14.992688 | L24: =H24*K24 -> 22052.643
A25: 24 | B25: 1750 | C25: 2250 | D25: 22.924535 | E25: 53.07112 | F25: 37.149784 | G25: 2.4332615 | H25: 1927.6492 | I25: 0 | J25: [23] | K25: =((parameters!$B$3/2)/inputs_df!E25)+((parameters!$B$3/2)/inputs_df!F25) -> 11.440174 | L25: =H25*K25 -> 22052.643
A26: 25 | B26: 2250 | C26: 2250 | D26: 0 | E26: 0 | F26: 0 | G26: 0 | H26: 0 | I26: 2 | J26: [] | K26: 0 | L26: =H26*K26 -> 0

Sheet bases
A1: Base | B1: x_coordinate | C1: y_coordinate | D1: Helicopter | E1: Fire Engine | F1: FRV
A2: A | B2: 2 | C2: 0 | D2: 10 | E2: 0 | F2: 0
A3: B | B3: 4 | C3: 1 | D3: 0 | E3: 10 | F3: 10
A4: C | B4: 0 | C4: 2 | D4: 0 | E4: 10 | F4: 10
A5: D | B5: 3 | C5: 2 | D5: 0 | E5: 10 | F5: 10
A6: E | B6: 1 | C6: 3 | D6: 0 | E6: 10 | F6: 10
A7: F | B7: 4 | C7: 3 | D7: 0 | E7: 10 | F7: 10
A8: G | B8: 0 | C8: 4 | D8: 0 | E8: 10 | F8: 10
A9: H | B9: 3 | C9: 4 | D9: 0 | E9: 10 | F9: 10

Sheet parameters
A1: parameter | B1: value | C1: note
A2: n_nodes | B2: 25 | C2: required
A3: cell_side_length | B3: 500 | C3: cell edge length (m)
A4: region_side_length | B4: 2500 | C4: grid_size * cell_side_length
A5: node_area | B5: 250000 | C5: cell_side_length^2
A6: time_limit | B6: 24 | C6: default (hours)
A7: water required (for 1km2-lt) | B7: 36322 | C7: given
A8: water_required_per_m2 | B8: 0.036322 | C8: derived
A9: water_required_per_cell | B9: 9080.5 | C9: derived
A10: road_pairs | B10: 17-22;11-16;19-24;19-20;22-23 | C10: edges removed from spread graph
A11: helicopter_capacity | B11: 166.67
A12: helicopter_speed | B12: 2000
A13: fire_engine_capacity | B13: 117.65
A14: fire_engine_speed | B14: 500
A15: FRV_capacity | B15: 15
A16: FRV_speed | B16: 1000
A17: Mtime | B17: 207.11743
