Workbook

Sheet inputs_df
A1: node_id | B1: x_coordinate | C1: y_coordinate | D1: value_at_start | E1: fire_degradation_rate | F1: fire_amelioration_rate | G1: beta | H1: su | I1: state | J1: neighborhood_list | K1: time | L1: Mi
A2: 1 | B2: 250 | C2: 250 | D2: 0 | E2: 0 | F2: 0 | G2: 0 | H2: 0 | I2: 3 | J2: [] | K2: 0 | L2: 0
A3: 2 | B3: 750 | C3: 250 | D3: 0 | E3: 0 | F3: 0 | G3: 0 | H3: 0 | I3: 2 | J3: [] | K3: 0 | L3: =H3*K3 -> 0
A4: 3 | B4: 1250 | C4: 250 | D4: 72.514019 | E4: 43.624574 | F4: 30.537202 | G4: 6.3267864 | H4: 1584.5318 | I4: 0 | J4: [11, 4] | K4: =((parameters!$B$3/2)/inputs_df!E4)+((parameters!$B$3/2)/inputs_df!F4) -> 13.917451 | L4: =H4*K4 -> 22052.643
A5: 4 | B5: 1750 | C5: 250 | D5: 58.760946 | E5: 44.253013 | F5: 30.977109 | G5: 5.2006978 | H5: 1607.358 | I5: 0 | J5: [12, 3, 5] | K5: =((parameters!$B$3/2)/inputs_df!E5)+((parameters!$B$3/2)/inputs_df!F5) -> 13.719808 | L5: =H5*K5 -> 22052.643
A6: 5 | B6: 2250 | C6: 250 | D6: 39.922579 | E6: 39.874653 | F6: 27.912257 | G6: 3.1837979 | H6: 1448.3271 | I6: 0 | J6: [13, 4, 6] | K6: =((parameters!$B$3/2)/inputs_df!E6)+((parameters!$B$3/2)/inputs_df!F6) -> 15.226286 | L6: =H6*K6 -> 22052.643
A7: 6 | B7: 2750 | C7: 250 | D7: 26.127406 | E7: 36.375604 | F7: 25.462923 | G7: 1.9008004 | H7: 1321.2347 | I7: 1 | J7: [14, 5, 7] | K7: =((parameters!$B$3/2)/inputs_df!E7)+((parameters!$B$3/2)/inputs_df!F7) -> 16.690935 | L7: =H7*K7 -> 22052.643
A8: 7 | B8: 3250 | C8: 250 | D8: 21.262575 | E8: 37.729226 | F8: 26.410458 | G8: 1.604441 | H8: 1370.4009 | I8: 0 | J8: [15, 6] | K8: =((parameters!$B$3/2)/inputs_df!E8)+((parameters!$B$3/2)/inputs_df!F8) -> 16.09211 | L8: =H8*K8 -> 22052.643
A9: 8 | B9: 3750 | C9: 250 | D9: 0 | E9: 0 | F9: 0 | G9: 0 | H9: 0 | I9: 3 | J9: [] | K9: 0 | L9: =H9*K9 -> 0
A10: 9 | B10: 250 | C10: 750 | D10: 55.404884 | E10: 25.977072 | F10: 18.183951 | G10: 2.8785134 | H10: 943.53922 | I10: 1 | J10: [17, 10] | K10: =((parameters!$B$3/2)/inputs_df!E10)+((parameters!$B$3/2)/inputs_df!F10) -> 23.372259 | L10: =H10*K10 -> 22052.643
A11: 10 | B11: 750 | C11: 750 | D11: 59.292926 | E11: 31.732777 | F11: 22.212944 | G11: 3.7630584 | H11: 1152.5979 | I11: 0 | J11: [18, 9, 11] | K11: =((parameters!$B$3/2)/inputs_df!E11)+((parameters!$B$3/2)/inputs_df!F11) -> 19.132988 | L11: =H11*K11 -> 22052.643
A12: 11 | B12: 1250 | C12: 750 | D12: 60.497362 | E12: 36.913839 | F12: 25.839687 | G12: 4.4663798 | H12: 1340.7845 | I12: 0 | J12: [3, 19, 10, 12] | K12: =((parameters!$B$3/2)/inputs_df!E12)+((parameters!$B$3/2)/inputs_df!F12) -> 16.447568 | L12: =H12*K12 -> 22052.643
A13: 12 | B13: 1750 | C13: 750 | D13: 51.996472 | E13: 36.643891 | F13: 25.650724 | G13: 3.8107061 | H13: 1330.9794 | I13: 0 | J13: [4, 20, 11, 13] | K13: =((parameters!$B$3/2)/inputs_df!E13)+((parameters!$B$3/2)/inputs_df!F13) -> 16.568733 | L13: =H13*K13 -> 22052.643
A14: 13 | B14: 2250 | C14: 750 | D14: 35.135132 | E14: 32.772939 | F14: 22.941057 | G14: 2.3029631 | H14: 1190.3787 | I14: 0 | J14: [5, 21, 12, 14] | K14: =((parameters!$B$3/2)/inputs_df!E14)+((parameters!$B$3/2)/inputs_df!F14) -> 18.525737 | L14: =H14*K14 -> 22052.643
A15: 14 | B15: 2750 | C15: 750 | D15: 22.419954 | E15: 31.655882 | F15: 22.159117 | G15: 1.4194469 | H15: 1149.8049 | I15: 0 | J15: [6, 22, 13, 15] | K15: =((parameters!$B$3/2)/inputs_df!E15)+((parameters!$B$3/2)/inputs_df!F15) -> 19.179464 | L15: =H15*K15 -> 22052.643
A16: 15 | B16: 3250 | C16: 750 | D16: 20.464221 | E16: 36.394909 | F16: 25.476436 | G16: 1.4895869 | H16: 1321.9359 | I16: 0 | J16: [7, 23, 14, 16] | K16: =((parameters!$B$3/2)/inputs_df!E16)+((parameters!$B$3/2)/inputs_df!F16) -> 16.682082 | L16: =H16*K16 -> 22052.643
A17: 16 | B17: 3750 | C17: 750 | D17: 22.789551 | E17: 42.031505 | F17: 29.422054 | G17: 1.9157583 | H17: 1526.6683 | I17: 0 | J17: [24, 15] | K17: =((parameters!$B$3/2)/inputs_df!E17)+((parameters!$B$3/2)/inputs_df!F17) -> 14.444947 | L17: =H17*K17 -> 22052.643
A18: 17 | B18: 250 | C18: 1250 | D18: 28.630897 | E18: 20.813729 | F18: 14.56961 | G18: 1.1918315 | H18: 755.99626 | I18: 0 | J18: [9, 25] | K18: =((parameters!$B$3/2)/inputs_df!E18)+((parameters!$B$3/2)/inputs_df!F18) -> 29.170307 | L18: =H18*K18 -> 22052.643
A19: 18 | B19: 750 | C19: 1250 | D19: 40.636932 | E19: 25.984708 | F19: 18.189296 | G19: 2.1118777 | H19: 943.81658 | I19: 0 | J19: [10, 26, 19] | K19: =((parameters!$B$3/2)/inputs_df!E19)+((parameters!$B$3/2)/inputs_df!F19) -> 23.36539 | L19: =H19*K19 -> 22052.643
A20: 19 | B20: 1250 | C20: 1250 | D20: 51.415087 | E20: 30.142595 | F20: 21.099816 | G20: 3.0995682 | H20: 1094.8393 | I20: 0 | J20: [11, 27, 18, 20] | K20: =((parameters!$B$3/2)/inputs_df!E20)+((parameters!$B$3/2)/inputs_df!F20) -> 20.142356 | L20: =H20*K20 -> 22052.643
A21: 20 | B21: 1750 | C21: 1250 | D21: 48.513117 | E21: 29.650234 | F21: 20.755164 | G21: 2.8768505 | H21: 1076.9558 | I21: 0 | J21: [12, 28, 19, 21] | K21: =((parameters!$B$3/2)/inputs_df!E21)+((parameters!$B$3/2)/inputs_df!F21) -> 20.476832 | L21: =H21*K21 -> 22052.643
... A47: 46 | B47: 2750 | C47: 2750 | D47: 75.169783 | E47: 51.795859 | F47: 36.257101 | G47: 7.7869669 | H47: 1881.3292 | I47: 0 | J47: [38, 54, 45] | K47: =((parameters!$B$3/2)/inputs_df!E47)+((parameters!$B$3/2)/inputs_df!F47) -> 11.721842 | L47: =H47*K47 -> 22052.643
A48: 47 | B48: 3250 | C48: 2750 | D48: 0 | E48: 0 | F48: 0 | G48: 0 | H48: 0 | I48: 3 | J48: [] | K48: 0 | L48: =H48*K48 -> 0
A49: 48 | B49: 3750 | C49: 2750 | D49: 56.673305 | E49: 59.507626 | F49: 41.655338 | G49: 6.7449877 | H49: 2161.436 | I49: 0 | J49: [56] | K49: =((parameters!$B$3/2)/inputs_df!E49)+((parameters!$B$3/2)/inputs_df!F49) -> 10.202774 | L49: =H49*K49 -> 22052.643
A50: 49 | B50: 250 | C50: 3250 | D50: 54.400314 | E50: 27.193695 | F50: 19.035586 | G50: 2.9586911 | H50: 987.72938 | I50: 0 | J50: [41, 57, 50] | K50: =((parameters!$B$3/2)/inputs_df!E50)+((parameters!$B$3/2)/inputs_df!F50) -> 22.326604 | L50: =H50*K50 -> 22052.643
A51: 50 | B51: 750 | C51: 3250 | D51: 75.298571 | E51: 31.863025 | F51: 22.304117 | G51: 4.7984805 | H51: 1157.3288 | I51: 1 | J51: [42, 49, 51] | K51: =((parameters!$B$3/2)/inputs_df!E51)+((parameters!$B$3/2)/inputs_df!F51) -> 19.054778 | L51: =H51*K51 -> 22052.643
A52: 51 | B52: 1250 | C52: 3250 | D52: 94.039968 | E52: 38.59775 | F52: 27.018425 | G52: 7.2594624 | H52: 1401.9475 | I52: 0 | J52: [43, 59, 50] | K52: =((parameters!$B$3/2)/inputs_df!E52)+((parameters!$B$3/2)/inputs_df!F52) -> 15.730006 | L52: =H52*K52 -> 22052.643
A53: 52 | B53: 1750 | C53: 3250 | D53: 100 | E53: 46.441104 | F53: 32.508773 | G53: 9.2882208 | H53: 1686.8338 | I53: 0 | J53: [44, 60] | K53: =((parameters!$B$3/2)/inputs_df!E53)+((parameters!$B$3/2)/inputs_df!F53) -> 13.073394 | L53: =H53*K53 -> 22052.643
A54: 53 | B54: 2250 | C54: 3250 | D54: 96.833799 | E54: 53.38677 | F54: 37.370739 | G54: 10.339287 | H54: 1939.1142 | I54: 0 | J54: [45, 54] | K54: =((parameters!$B$3/2)/inputs_df!E54)+((parameters!$B$3/2)/inputs_df!F54) -> 11.372534 | L54: =H54*K54 -> 22052.643
A55: 54 | B55: 2750 | C55: 3250 | D55: 86.059138 | E55: 56.251475 | F55: 39.376033 | G55: 9.681907 | H55: 2043.1661 | I55: 0 | J55: [46, 62, 53, 55] | K55: =((parameters!$B$3/2)/inputs_df!E55)+((parameters!$B$3/2)/inputs_df!F55) -> 10.793368 | L55: =H55*K55 -> 22052.643
A56: 55 | B56: 3250 | C56: 3250 | D56: 70.551837 | E56: 54.779767 | F56: 38.345837 | G56: 7.7296264 | H56: 1989.7107 | I56: 1 | J56: [54, 56] | K56: =((parameters!$B$3/2)/inputs_df!E56)+((parameters!$B$3/2)/inputs_df!F56) -> 11.083341 | L56: =H56*K56 -> 22052.643
A57: 56 | B57: 3750 | C57: 3250 | D57: 59.319507 | E57: 52.156128 | F57: 36.509289 | G57: 6.1877515 | H57: 1894.4149 | I57: 0 | J57: [48, 55] | K57: =((parameters!$B$3/2)/inputs_df!E57)+((parameters!$B$3/2)/inputs_df!F57) -> 11.640873 | L57: =H57*K57 -> 22052.643
A58: 57 | B58: 250 | C58: 3750 | D58: 60.319485 | E58: 23.860814 | F58: 16.70257 | G58: 2.8785441 | H58: 866.67249 | I58: 0 | J58: [49] | K58: =((parameters!$B$3/2)/inputs_df!E58)+((parameters!$B$3/2)/inputs_df!F58) -> 25.445186 | L58: =H58*K58 -> 22052.643
A59: 58 | B59: 750 | C59: 3750 | D59: 0 | E59: 0 | F59: 0 | G59: 0 | H59: 0 | I59: 3 | J59: [] | K59: 0 | L59: =H59*K59 -> 0
A60: 59 | B60: 1250 | C60: 3750 | D60: 94.306445 | E60: 40.000779 | F60: 28.000545 | G60: 7.5446625 | H60: 1452.9083 | I60: 0 | J60: [51, 60] | K60: =((parameters!$B$3/2)/inputs_df!E60)+((parameters!$B$3/2)/inputs_df!F60) -> 15.178276 | L60: =H60*K60 -> 22052.643
A61: 60 | B61: 1750 | C61: 3750 | D61: 99.308477 | E61: 50.915482 | F61: 35.640837 | G61: 10.112678 | H61: 1849.3521 | I61: 0 | J61: [52, 59, 61] | K61: =((parameters!$B$3/2)/inputs_df!E61)+((parameters!$B$3/2)/inputs_df!F61) -> 11.924523 | L61: =H61*K61 -> 22052.643
A62: 61 | B62: 2250 | C62: 3750 | D62: 96.594353 | E62: 58.479581 | F62: 40.935707 | G62: 11.297595 | H62: 2124.0953 | I62: 0 | J62: [60, 62] | K62: =((parameters!$B$3/2)/inputs_df!E62)+((parameters!$B$3/2)/inputs_df!F62) -> 10.382134 | L62: =H62*K62 -> 22052.643
A63: 62 | B63: 2750 | C63: 3750 | D63: 84.926344 | E63: 58.263593 | F63: 40.784515 | G63: 9.8962279 | H63: 2116.2502 | I63: 0 | J63: [54, 61, 63] | K63: =((parameters!$B$3/2)/inputs_df!E63)+((parameters!$B$3/2)/inputs_df!F63) -> 10.420622 | L63: =H63*K63 -> 22052.643
A64: 63 | B64: 3250 | C64: 3750 | D64: 66.739616 | E64: 51.680999 | F64: 36.1767 | G64: 6.8983401 | H64: 1877.1573 | I64: 0 | J64: [62] | K64: =((parameters!$B$3/2)/inputs_df!E64)+((parameters!$B$3/2)/inputs_df!F64) -> 11.747893 | L64: =H64*K64 -> 22052.643
A65: 64 | B65: 3750 | C65: 3750 | D65: 0 | E65: 0 | F65: 0 | G65: 0 | H65: 0 | I65: 2 | J65: [] | K65: 0 | L65: =H65*K65 -> 0

Sheet bases
A1: Base | B1: x_coordinate | C1: y_coordinate | D1: Helicopter | E1: Fire Engine | F1: FRV
A2: A | B2: 5 | C2: 0 | D2: 35 | E2: 0 | F2: 0
A3: B | B3: 4 | C3: 1 | D3: 0 | E3: 35 | F3: 35
A4: C | B4: 4 | C4: 3 | D4: 0 | E4: 35 | F4: 35
A5: D | B5: 1 | C5: 4 | D5: 0 | E5: 35 | F5: 35
A6: E | B6: 4 | C6: 5 | D6: 0 | E6: 35 | F6: 35
A7: F | B7: 7 | C7: 5 | D7: 0 | E7: 35 | F7: 35
A8: G | B8: 1 | C8: 6 | D8: 0 | E8: 35 | F8: 35
A9: H | B9: 6 | C9: 6 | D9: 0 | E9: 35 | F9: 35

Sheet parameters
A1: parameter | B1: value | C1: note
A2: n_nodes | B2: 64 | C2: required
A3: cell_side_length | B3: 500 | C3: cell edge length (m)
A4: region_side_length | B4: 4000 | C4: grid_size * cell_side_length
A5: node_area | B5: 250000 | C5: cell_side_length^2
A6: time_limit | B6: 24 | C6: default (hours)
A7: water required (for 1km2-lt) | B7: 36322 | C7: given
A8: water_required_per_m2 | B8: 0.036322 | C8: derived
A9: water_required_per_cell | B9: 9080.5 | C9: derived
A10: road_pairs | B10: 52-53;51-52;53-61;40-48;55-63;17-18;30-38 | C10: edges removed from spread graph
A11: helicopter_capacity | B11: 166.67
A12: helicopter_speed | B12: 2000
A13: fire_engine_capacity | B13: 117.65
A14: fire_engine_speed | B14: 500
A15: FRV_capacity | B15: 15
A16: FRV_speed | B16: 1000
A17: Mtime | B17: =406.0337+MAX(inputs_df!K2:K65) -> 435.37845
